product_id,product_name,category,brand,price,cost
P00001,森木运动鞋3代,服饰,森木,234.01,154.65
P00002,清颜面霜6代,美妆,清颜,140.34,85.54
P00003,云启机械键盘6代,数码,云启,746.90,491.89
P00004,味来茶叶4代,食品,味来,30.36,18.84
P00005,晴舍台灯3代,家居,晴舍,936.19,592.51
P00006,亲贝积木6代,母婴,亲贝,1289.19,760.51
P00007,力场瑜伽垫4代,运动,力场,340.66,269.42
P00008,青卷管理书2代,图书,青卷,99.71,76.43
P00009,恒净净水器3代,家电,恒净,1817.56,1316.37
P00010,简衣外套4代,服饰,简衣,167.15,97.30
P00011,新知小说4代,图书,新知,131.27,93.02
P00012,清颜粉底液1代,美妆,清颜,144.56,102.73
P00013,木里台灯5代,家居,木里,454.03,330.90
P00014,晴舍靠垫5代,家居,晴舍,620.95,327.20
P00015,木里餐具套装3代,家居,木里,197.81,116.54
P00016,小树苗积木2代,母婴,小树苗,181.73,142.61
P00017,麦禾坚果礼盒2代,食品,麦禾,97.05,52.94
P00018,鲜语酸奶6代,食品,鲜语,123.09,77.43
P00019,云电电饭煲4代,家电,云电,1476.25,1173.90
P00020,星联机械键盘2代,数码,星联,1543.78,981.93
P00021,兰沁口红5代,美妆,兰沁,249.88,133.62
P00022,青卷绘本1代,图书,青卷,159.48,112.06
P00023,兰沁精华液4代,美妆,兰沁,181.02,100.15
P00024,柔光台灯1代,家居,柔光,514.52,330.92
P00025,味来速溶咖啡4代,食品,味来,133.59,99.05
P00026,麦禾曲奇饼干6代,食品,麦禾,113.89,71.05
P00027,白鲸冰箱2代,家电,白鲸,499.29,348.17
P00028,山野跑步机6代,运动,山野,405.93,239.59
P00029,极客派蓝牙耳机6代,数码,极客派,1541.60,1007.22
P00030,北岸外套4代,服饰,北岸,309.41,226.18
P00031,灯塔历史书4代,图书,灯塔,62.06,44.09
P00032,小树苗儿童餐椅2代,母婴,小树苗,1261.48,956.04
P00033,清颜洁面乳2代,美妆,清颜,257.71,178.70
P00034,青禾外套1代,服饰,青禾,279.14,149.62
P00035,北岸休闲裤5代,服饰,北岸,285.50,219.06
P00036,暖芽纸尿裤4代,母婴,暖芽,206.80,155.54
P00037,北岸卫衣1代,服饰,北岸,374.02,219.41
P00038,宅研餐具套装6代,家居,宅研,662.81,457.71
P00039,风速篮球1代,运动,风速,656.91,444.13
P00040,简衣外套3代,服饰,简衣,504.07,327.61
P00041,青禾运动鞋3代,服饰,青禾,155.58,85.41
P00042,麦禾茶叶5代,食品,麦禾,99.93,59.33
P00043,味来坚果礼盒4代,食品,味来,323.17,244.38
P00044,花漾口红3代,美妆,花漾,348.28,187.49
P00045,云启显示器2代,数码,云启,1720.61,1211.70
P00046,恒净电饭煲5代,家电,恒净,2031.41,1583.45
P00047,澄光吹风机5代,家电,澄光,656.94,420.30
P00048,森木连衣裙2代,服饰,森木,270.90,208.50
P00049,初白口红3代,美妆,初白,244.62,144.05
P00050,鹿屿粉底液5代,美妆,鹿屿,442.08,340.79
P00051,鲜语坚果礼盒4代,食品,鲜语,68.21,49.56
P00052,云启智能手表1代,数码,云启,1921.33,1109.97
P00053,灯塔管理书4代,图书,灯塔,66.03,37.35
P00054,暖芽儿童湿巾4代,母婴,暖芽,224.28,126.20
P00055,木里四件套5代,家居,木里,838.13,456.77
P00056,森木衬衫6代,服饰,森木,159.65,103.44
P00057,鲜语速溶咖啡1代,食品,鲜语,15.00,8.48
P00058,极客派智能手表5代,数码,极客派,2203.75,1456.31
P00059,墨舟小说6代,图书,墨舟,63.31,51.37
P00060,远读编程书3代,图书,远读,83.27,49.21
P00061,贝童奶瓶5代,母婴,贝童,571.71,309.37
P00062,柔光靠垫1代,家居,柔光,1532.24,1171.19
P00063,山田记茶叶6代,食品,山田记,131.49,69.35
P00064,花漾粉底液2代,美妆,花漾,80.76,42.77
P00065,青卷编程书3代,图书,青卷,245.21,181.12
P00066,云上外套5代,服饰,云上,67.28,36.43
P00067,力场篮球3代,运动,力场,194.41,153.82
P00068,森木运动鞋2代,服饰,森木,410.15,251.81
P00069,小方净水器5代,家电,小方,1612.80,1200.12
P00070,花漾口红4代,美妆,花漾,150.66,109.65
P00071,跃动篮球2代,运动,跃动,1332.62,963.26
P00072,白鲸洗衣机1代,家电,白鲸,3090.40,2238.89
P00073,宅研四件套2代,家居,宅研,1069.56,597.50
P00074,新知考试教材5代,图书,新知,73.77,49.31
P00075,亲贝奶瓶5代,母婴,亲贝,310.97,198.83
P00076,简衣休闲裤5代,服饰,简衣,100.93,78.37
P00077,云上连衣裙2代,服饰,云上,154.27,82.68
P00078,晴舍餐具套装1代,家居,晴舍,310.97,213.86
P00079,北岸连衣裙3代,服饰,北岸,500.35,314.97
P00080,青卷绘本5代,图书,青卷,63.56,44.80
P00081,云上外套4代,服饰,云上,97.00,67.74
P00082,北岸衬衫4代,服饰,北岸,183.14,114.93
P00083,清颜洁面乳3代,美妆,清颜,150.80,96.11
P00084,麦禾茶叶4代,食品,麦禾,44.87,24.83
P00085,晨芯蓝牙耳机4代,数码,晨芯,1790.60,970.58
P00086,晴舍四件套6代,家居,晴舍,835.52,641.72
P00087,山野哑铃5代,运动,山野,691.35,488.44
P00088,山田记酸奶1代,食品,山田记,33.20,24.57
P00089,跃动运动背包4代,运动,跃动,556.82,346.96
P00090,森木休闲裤4代,服饰,森木,143.88,108.21
P00091,谷小满速溶咖啡2代,食品,谷小满,166.73,133.55
P00092,远读绘本2代,图书,远读,86.19,67.71
P00093,山野运动背包4代,运动,山野,620.77,423.01
P00094,花漾防晒霜1代,美妆,花漾,529.42,330.13
P00095,麦禾牛肉干6代,食品,麦禾,127.59,67.86
P00096,云上衬衫5代,服饰,云上,306.65,239.61
P00097,山田记速溶咖啡1代,食品,山田记,399.00,268.54
P00098,麦禾酸奶1代,食品,麦禾,86.80,70.18
P00099,安心宝积木3代,母婴,安心宝,736.49,430.38
P00100,恒净扫地机器人3代,家电,恒净,1811.65,1260.76
P00101,北岸运动鞋4代,服饰,北岸,98.87,59.39
P00102,青禾外套2代,服饰,青禾,506.54,302.15
P00103,远读历史书6代,图书,远读,26.96,18.10
P00104,清颜洁面乳6代,美妆,清颜,699.00,421.32
P00105,云上连衣裙4代,服饰,云上,82.21,60.03
P00106,兰沁面霜4代,美妆,兰沁,135.69,95.92
P00107,墨舟考试教材1代,图书,墨舟,91.97,58.51
P00108,鹿屿防晒霜1代,美妆,鹿屿,73.51,50.83
P00109,清颜口红5代,美妆,清颜,255.22,171.42
P00110,青禾休闲裤5代,服饰,青禾,139.15,76.05
P00111,味来速溶咖啡2代,食品,味来,70.43,42.01
P00112,云启智能手表6代,数码,云启,2569.36,1734.57
P00113,山田记茶叶4代,食品,山田记,80.49,44.30
P00114,初白粉底液1代,美妆,初白,91.63,56.64
P00115,兰沁粉底液2代,美妆,兰沁,420.23,240.95
P00116,简衣衬衫6代,服饰,简衣,164.60,133.97
P00117,轻跑哑铃6代,运动,轻跑,866.56,619.36
P00118,鹿屿口红6代,美妆,鹿屿,202.32,146.76
P00119,轻跑瑜伽垫4代,运动,轻跑,920.04,499.59
P00120,暖芽奶瓶2代,母婴,暖芽,324.76,183.78
P00121,清颜防晒霜5代,美妆,清颜,176.68,130.16
P00122,花漾面霜5代,美妆,花漾,199.18,110.40
P00123,极客派显示器5代,数码,极客派,1845.58,1038.59
P00124,云上外套5代,服饰,云上,469.31,344.79
P00125,山田记茶叶3代,食品,山田记,106.49,73.92
P00126,山野瑜伽垫5代,运动,山野,633.65,494.98
P00127,兰沁防晒霜3代,美妆,兰沁,52.64,40.24
P00128,简衣卫衣4代,服饰,简衣,155.43,88.54
P00129,兰沁口红6代,美妆,兰沁,255.78,201.09
P00130,山田记酸奶6代,食品,山田记,89.85,72.39
P00131,小树苗奶瓶5代,母婴,小树苗,264.69,157.90
P00132,贝童儿童湿巾4代,母婴,贝童,280.81,216.30
P00133,极客派平板电脑5代,数码,极客派,5059.46,3766.78
P00134,山田记速溶咖啡2代,食品,山田记,59.84,43.61
P00135,墨舟历史书4代,图书,墨舟,109.37,76.17
P00136,智造者平板电脑6代,数码,智造者,2148.65,1336.93
P00137,简衣连衣裙1代,服饰,简衣,226.43,144.71
P00138,森木连衣裙5代,服饰,森木,289.11,154.86
P00139,宅研收纳柜5代,家居,宅研,776.76,567.39
P00140,森木外套5代,服饰,森木,129.13,72.95
P00141,新知编程书3代,图书,新知,87.73,69.48
P00142,简衣外套1代,服饰,简衣,633.16,517.39
P00143,谷小满茶叶1代,食品,谷小满,47.69,29.21
P00144,鹿屿精华液3代,美妆,鹿屿,246.60,182.74
P00145,麦禾牛肉干1代,食品,麦禾,97.13,60.18
P00146,智造者显示器5代,数码,智造者,2031.99,1323.79
P00147,清颜防晒霜3代,美妆,清颜,248.45,192.40
P00148,简衣衬衫3代,服饰,简衣,87.57,48.29
P00149,兰沁洁面乳2代,美妆,兰沁,209.68,142.20
P00150,智造者显示器2代,数码,智造者,708.35,444.06
P00151,云启显示器3代,数码,云启,2001.56,1113.13
P00152,晴舍收纳柜4代,家居,晴舍,177.24,116.76
P00153,墨舟小说4代,图书,墨舟,136.51,104.46
P00154,小树苗纸尿裤6代,母婴,小树苗,151.37,95.49
P00155,宅研空气炸锅1代,家居,宅研,972.61,667.85
P00156,云启机械键盘5代,数码,云启,5465.09,3734.66
P00157,鹿屿面霜5代,美妆,鹿屿,232.93,149.57
P00158,北岸连衣裙3代,服饰,北岸,185.83,138.43
P00159,青卷管理书4代,图书,青卷,19.00,12.47
P00160,简衣衬衫1代,服饰,简衣,287.24,185.48
P00161,兰沁口红2代,美妆,兰沁,190.74,127.48
P00162,云上连衣裙2代,服饰,云上,342.80,258.60
P00163,青卷考试教材2代,图书,青卷,46.10,27.60
P00164,亲贝儿童湿巾5代,母婴,亲贝,294.46,211.38
P00165,简衣外套6代,服饰,简衣,83.64,56.51
P00166,跃动哑铃2代,运动,跃动,325.95,182.73
P00167,智造者智能手表2代,数码,智造者,1089.85,688.91
P00168,墨舟历史书5代,图书,墨舟,53.79,38.49
P00169,小方洗衣机4代,家电,小方,672.80,370.39
P00170,住造台灯1代,家居,住造,274.84,212.01
P00171,宅研靠垫2代,家居,宅研,819.50,483.26
P00172,谷小满酸奶3代,食品,谷小满,65.54,51.27
P00173,山野篮球2代,运动,山野,526.69,329.34
P00174,花漾面霜3代,美妆,花漾,469.70,376.16
P00175,白鲸电饭煲5代,家电,白鲸,926.20,706.49
P00176,晴舍四件套6代,家居,晴舍,404.04,283.47
P00177,灯塔绘本1代,图书,灯塔,206.32,157.41
P00178,北岸连衣裙5代,服饰,北岸,176.91,106.33
P00179,柔光餐具套装5代,家居,柔光,247.56,131.58
P00180,澄光扫地机器人6代,家电,澄光,1388.69,1113.58
P00181,谷小满曲奇饼干2代,食品,谷小满,169.30,108.39
P00182,鹿屿口红5代,美妆,鹿屿,228.84,131.39
P00183,智造者智能手表1代,数码,智造者,3439.87,2418.70
P00184,初白洁面乳5代,美妆,初白,148.24,104.51
P00185,云启蓝牙耳机4代,数码,云启,1343.13,1099.83
P00186,北岸休闲裤1代,服饰,北岸,71.50,42.29
P00187,麦禾速溶咖啡5代,食品,麦禾,206.87,150.57
P00188,初白面霜6代,美妆,初白,126.90,101.43
P00189,花漾防晒霜6代,美妆,花漾,437.21,330.24
P00190,极客派显示器6代,数码,极客派,3268.02,1709.71
P00191,云启蓝牙耳机3代,数码,云启,1520.35,1025.74
P00192,晨芯路由器6代,数码,晨芯,1042.79,688.81
P00193,北岸休闲裤4代,服饰,北岸,190.95,124.29
P00194,青禾卫衣1代,服饰,青禾,266.20,185.34
P00195,云启蓝牙耳机3代,数码,云启,7574.32,5458.57
P00196,北岸连衣裙3代,服饰,北岸,207.77,167.42
P00197,柔光餐具套装4代,家居,柔光,402.55,311.86
P00198,青禾运动鞋5代,服饰,青禾,124.41,93.17
P00199,初白洁面乳1代,美妆,初白,165.75,114.91
P00200,宅研靠垫1代,家居,宅研,155.51,98.72
P00201,简衣卫衣3代,服饰,简衣,206.31,150.85
P00202,简衣运动鞋1代,服饰,简衣,280.40,197.89
P00203,鲜语茶叶4代,食品,鲜语,41.97,24.06
P00204,跃动篮球2代,运动,跃动,558.85,378.41
P00205,青禾休闲裤5代,服饰,青禾,124.96,90.05
P00206,宅研空气炸锅5代,家居,宅研,557.85,369.73
P00207,轻跑运动背包3代,运动,轻跑,1197.82,708.07
P00208,星联机械键盘4代,数码,星联,1736.09,1117.55
P00209,初白粉底液3代,美妆,初白,483.12,284.19
P00210,清颜防晒霜1代,美妆,清颜,166.50,93.87
P00211,力场瑜伽垫2代,运动,力场,807.68,466.83
P00212,小树苗儿童湿巾6代,母婴,小树苗,196.24,139.55
P00213,宅研靠垫1代,家居,宅研,309.69,193.02
P00214,北岸卫衣4代,服饰,北岸,172.80,141.62
P00215,住造收纳柜5代,家居,住造,370.15,229.77
P00216,森木衬衫3代,服饰,森木,373.73,288.63
P00217,麦禾曲奇饼干1代,食品,麦禾,113.42,85.40
P00218,晨芯路由器3代,数码,晨芯,849.17,614.53
P00219,安心宝积木5代,母婴,安心宝,282.10,195.68
P00220,鹿屿洁面乳3代,美妆,鹿屿,156.72,104.04
P00221,灯塔绘本2代,图书,灯塔,64.82,43.88
P00222,初白精华液2代,美妆,初白,211.83,126.17
P00223,初白洁面乳2代,美妆,初白,108.49,59.56
P00224,初白口红4代,美妆,初白,339.60,226.91
P00225,云上连衣裙2代,服饰,云上,108.14,86.12
P00226,味来酸奶3代,食品,味来,40.34,27.11
P00227,灯塔考试教材4代,图书,灯塔,86.62,48.02
P00228,味来坚果礼盒2代,食品,味来,97.88,60.30
P00229,谷小满坚果礼盒3代,食品,谷小满,24.87,17.05
P00230,云上休闲裤2代,服饰,云上,249.34,164.13
P00231,贝童奶瓶1代,母婴,贝童,139.36,81.45
P00232,北岸卫衣5代,服饰,北岸,423.69,242.04
P00233,北岸外套6代,服饰,北岸,165.30,88.36
P00234,跃动跑步机4代,运动,跃动,1838.39,1356.31
P00235,墨舟历史书1代,图书,墨舟,44.62,29.39
P00236,晨芯机械键盘6代,数码,晨芯,1922.20,1396.91
P00237,青禾卫衣5代,服饰,青禾,182.82,115.43
P00238,墨舟考试教材3代,图书,墨舟,87.84,57.39
P00239,清颜口红4代,美妆,清颜,97.97,65.43
P00240,晨芯显示器6代,数码,晨芯,3583.25,2704.79
P00241,晨芯蓝牙耳机1代,数码,晨芯,5332.60,3100.61
P00242,森木外套4代,服饰,森木,345.61,213.87
P00243,山田记牛肉干6代,食品,山田记,52.84,28.89
P00244,轻跑跑步机5代,运动,轻跑,986.36,638.17
P00245,味来曲奇饼干3代,食品,味来,48.91,27.73
P00246,山田记曲奇饼干4代,食品,山田记,149.93,110.37
P00247,北岸连衣裙2代,服饰,北岸,178.44,142.40
P00248,简衣休闲裤1代,服饰,简衣,353.07,208.15
P00249,暖芽积木5代,母婴,暖芽,539.52,304.43
P00250,山野跑步机2代,运动,山野,757.36,420.62
P00251,山田记牛肉干4代,食品,山田记,286.96,176.60
P00252,小树苗儿童餐椅1代,母婴,小树苗,501.10,350.28
P00253,麦禾速溶咖啡4代,食品,麦禾,59.30,43.19
P00254,味来牛肉干4代,食品,味来,250.82,191.57
P00255,白鲸吹风机5代,家电,白鲸,1917.33,1033.70
P00256,极客派路由器3代,数码,极客派,1168.85,673.66
P00257,木里收纳柜1代,家居,木里,613.19,492.00
P00258,森木运动鞋4代,服饰,森木,59.00,37.52
P00259,谷小满速溶咖啡3代,食品,谷小满,63.05,49.21
P00260,小树苗奶瓶6代,母婴,小树苗,235.10,126.24
P00261,云电洗衣机6代,家电,云电,2560.52,1386.70
P00262,谷小满坚果礼盒4代,食品,谷小满,93.44,69.20
P00263,青禾衬衫6代,服饰,青禾,213.06,116.34
P00264,山田记坚果礼盒5代,食品,山田记,180.22,105.42
P00265,花漾精华液6代,美妆,花漾,186.66,149.17
P00266,初白口红1代,美妆,初白,117.94,95.90
P00267,贝童婴儿推车4代,母婴,贝童,278.47,165.21
P00268,北岸休闲裤4代,服饰,北岸,467.53,289.02
P00269,北岸运动鞋6代,服饰,北岸,233.43,173.22
P00270,贝童儿童湿巾4代,母婴,贝童,628.87,357.54
P00271,兰沁精华液6代,美妆,兰沁,400.54,211.23
P00272,恒净扫地机器人6代,家电,恒净,4421.59,3322.85
P00273,简衣连衣裙5代,服饰,简衣,309.44,225.64
P00274,安心宝奶瓶5代,母婴,安心宝,244.20,136.61
P00275,木里靠垫2代,家居,木里,1009.33,555.08
P00276,山田记曲奇饼干4代,食品,山田记,101.57,69.95
P00277,兰沁洁面乳5代,美妆,兰沁,284.12,170.17
P00278,青禾连衣裙6代,服饰,青禾,289.14,214.20
P00279,智造者蓝牙耳机6代,数码,智造者,1502.33,1226.46
P00280,麦禾茶叶3代,食品,麦禾,59.11,46.46
P00281,清颜面霜2代,美妆,清颜,262.60,195.61
P00282,宅研四件套5代,家居,宅研,156.65,116.48
P00283,风速跑步机4代,运动,风速,134.77,82.12
P00284,谷小满酸奶4代,食品,谷小满,114.17,89.44
P00285,山野哑铃5代,运动,山野,612.47,437.68
P00286,鹿屿面霜5代,美妆,鹿屿,133.89,96.02
P00287,青禾外套1代,服饰,青禾,357.43,291.62
P00288,云启智能手表2代,数码,云启,4363.48,3447.26
P00289,智造者平板电脑5代,数码,智造者,1178.52,645.84
P00290,恒净净水器1代,家电,恒净,740.93,530.09
P00291,住造餐具套装4代,家居,住造,1153.95,867.74
P00292,谷小满牛肉干6代,食品,谷小满,62.47,39.18
P00293,暖芽婴儿推车4代,母婴,暖芽,360.44,270.88
P00294,花漾精华液1代,美妆,花漾,140.91,105.41
P00295,暖芽纸尿裤6代,母婴,暖芽,636.89,371.07
P00296,木里空气炸锅6代,家居,木里,943.76,522.91
P00297,星联智能手表2代,数码,星联,2165.44,1603.00
P00298,智造者蓝牙耳机3代,数码,智造者,2827.66,2207.17
P00299,安心宝奶瓶4代,母婴,安心宝,336.06,179.80
P00300,智造者平板电脑4代,数码,智造者,3462.54,2488.06
P00301,青禾连衣裙2代,服饰,青禾,362.69,276.72
P00302,味来速溶咖啡1代,食品,味来,176.48,94.30
P00303,麦禾酸奶1代,食品,麦禾,64.42,37.21
P00304,清颜口红6代,美妆,清颜,105.09,68.05
P00305,恒净冰箱6代,家电,恒净,3788.74,2288.55
P00306,亲贝儿童餐椅2代,母婴,亲贝,283.09,196.95
P00307,花漾口红5代,美妆,花漾,135.32,91.78
P00308,兰沁精华液2代,美妆,兰沁,246.68,152.29
P00309,鹿屿面霜6代,美妆,鹿屿,186.65,121.27
P00310,花漾精华液3代,美妆,花漾,197.90,133.20
P00311,风速瑜伽垫2代,运动,风速,1231.31,852.31
P00312,贝童婴儿推车1代,母婴,贝童,246.06,161.92
P00313,安心宝婴儿推车5代,母婴,安心宝,206.83,117.09
P00314,花漾口红4代,美妆,花漾,213.88,166.66
P00315,远读编程书5代,图书,远读,51.31,31.59
P00316,云启机械键盘2代,数码,云启,3661.90,1946.18
P00317,轻跑哑铃6代,运动,轻跑,1377.94,993.69
P00318,远读小说3代,图书,远读,98.26,61.64
P00319,远读绘本5代,图书,远读,56.13,30.94
P00320,恒净净水器1代,家电,恒净,1558.48,1157.71
P00321,青禾连衣裙5代,服饰,青禾,307.21,240.68
P00322,北岸外套2代,服饰,北岸,206.06,155.57
P00323,云上衬衫6代,服饰,云上,193.78,134.72
P00324,兰沁洁面乳5代,美妆,兰沁,263.60,202.09
P00325,柔光台灯1代,家居,柔光,768.58,472.12
P00326,住造餐具套装5代,家居,住造,213.30,174.14
P00327,谷小满坚果礼盒3代,食品,谷小满,88.62,49.72
P00328,森木运动鞋4代,服饰,森木,67.65,45.19
P00329,星联路由器3代,数码,星联,2378.89,1452.13
P00330,兰沁口红6代,美妆,兰沁,317.49,167.96
P00331,谷小满茶叶6代,食品,谷小满,149.78,103.35
P00332,宅研餐具套装1代,家居,宅研,543.19,349.50
P00333,住造靠垫1代,家居,住造,451.18,357.24
P00334,力场瑜伽垫6代,运动,力场,150.07,78.35
P00335,味来速溶咖啡3代,食品,味来,72.90,46.98
P00336,麦禾酸奶6代,食品,麦禾,64.93,50.97
P00337,初白防晒霜1代,美妆,初白,189.37,145.14
P00338,兰沁精华液2代,美妆,兰沁,129.85,79.85
P00339,谷小满酸奶3代,食品,谷小满,63.31,34.77
P00340,谷小满酸奶6代,食品,谷小满,87.38,46.95
P00341,木里收纳柜4代,家居,木里,430.14,275.24
P00342,青卷考试教材6代,图书,青卷,54.89,44.48
P00343,鹿屿面霜3代,美妆,鹿屿,193.26,126.43
P00344,宅研收纳柜4代,家居,宅研,772.29,608.23
P00345,柔光靠垫2代,家居,柔光,460.90,249.89
P00346,初白粉底液1代,美妆,初白,281.41,224.91
P00347,鹿屿口红4代,美妆,鹿屿,164.19,127.01
P00348,云上连衣裙2代,服饰,云上,745.19,559.65
P00349,花漾洁面乳3代,美妆,花漾,73.02,52.33
P00350,花漾面霜5代,美妆,花漾,442.30,232.95
P00351,简衣连衣裙2代,服饰,简衣,278.91,226.50
P00352,晨芯蓝牙耳机2代,数码,晨芯,6999.00,4323.03
P00353,清颜精华液1代,美妆,清颜,95.59,67.30
P00354,新知小说6代,图书,新知,138.49,105.37
P00355,住造台灯3代,家居,住造,576.94,348.13
P00356,森木卫衣2代,服饰,森木,265.19,149.73
P00357,味来速溶咖啡3代,食品,味来,279.57,174.27
P00358,云上卫衣3代,服饰,云上,837.38,640.07
P00359,安心宝积木6代,母婴,安心宝,686.80,418.70
P00360,鹿屿防晒霜2代,美妆,鹿屿,120.22,95.42
P00361,晨芯显示器3代,数码,晨芯,3822.19,3005.55
P00362,墨舟小说3代,图书,墨舟,32.76,26.01
P00363,麦禾酸奶1代,食品,麦禾,208.50,126.59
P00364,小方冰箱4代,家电,小方,1105.87,705.15
P00365,云上卫衣3代,服饰,云上,171.15,132.17
P00366,云上休闲裤5代,服饰,云上,179.73,109.19
P00367,花漾洁面乳6代,美妆,花漾,226.40,121.45
P00368,森木卫衣2代,服饰,森木,345.46,231.32
P00369,新知历史书2代,图书,新知,135.73,107.43
P00370,兰沁面霜5代,美妆,兰沁,207.15,110.26
P00371,谷小满坚果礼盒5代,食品,谷小满,109.22,74.11
P00372,云上休闲裤4代,服饰,云上,163.91,131.42
P00373,山田记曲奇饼干4代,食品,山田记,116.35,72.01
P00374,简衣休闲裤6代,服饰,简衣,123.92,91.12
P00375,风速篮球1代,运动,风速,157.66,116.50
P00376,轻跑瑜伽垫6代,运动,轻跑,2334.59,1322.50
P00377,森木卫衣3代,服饰,森木,220.25,121.78
P00378,智造者蓝牙耳机6代,数码,智造者,839.87,529.71
P00379,味来坚果礼盒3代,食品,味来,107.62,87.59
P00380,晨芯路由器5代,数码,晨芯,1114.75,868.10
P00381,山田记茶叶4代,食品,山田记,163.08,107.96
P00382,青卷管理书2代,图书,青卷,47.19,27.48
P00383,新知小说4代,图书,新知,135.75,79.34
P00384,暖芽儿童餐椅2代,母婴,暖芽,467.01,244.42
P00385,智造者智能手表3代,数码,智造者,3259.57,1875.90
P00386,山田记酸奶4代,食品,山田记,92.03,52.13
P00387,花漾粉底液5代,美妆,花漾,87.76,54.72
P00388,轻跑哑铃6代,运动,轻跑,1148.69,902.40
P00389,麦禾酸奶1代,食品,麦禾,35.39,26.91
P00390,青禾休闲裤4代,服饰,青禾,718.56,470.48
P00391,简衣外套1代,服饰,简衣,378.06,308.05
P00392,山田记坚果礼盒5代,食品,山田记,89.19,69.06
P00393,花漾面霜1代,美妆,花漾,152.38,115.86
P00394,麦禾牛肉干2代,食品,麦禾,122.54,74.80
P00395,山田记茶叶6代,食品,山田记,56.60,32.73
P00396,青禾外套1代,服饰,青禾,295.71,183.53
P00397,云上衬衫3代,服饰,云上,444.72,331.49
P00398,晨芯平板电脑3代,数码,晨芯,6999.00,5644.24
P00399,小树苗儿童餐椅4代,母婴,小树苗,772.90,414.12
P00400,智造者平板电脑1代,数码,智造者,1643.97,1115.04
P00401,远读历史书1代,图书,远读,116.57,75.93
P00402,山野瑜伽垫1代,运动,山野,980.57,661.72
P00403,初白洁面乳3代,美妆,初白,106.48,66.33
P00404,轻跑运动背包4代,运动,轻跑,692.81,464.99
P00405,北岸衬衫3代,服饰,北岸,252.93,192.02
P00406,智造者显示器5代,数码,智造者,7115.27,4137.18
P00407,亲贝纸尿裤2代,母婴,亲贝,657.29,453.40
P00408,山野骑行头盔4代,运动,山野,528.80,418.48
P00409,初白口红5代,美妆,初白,500.20,292.90
P00410,谷小满坚果礼盒1代,食品,谷小满,83.92,45.07
P00411,宅研餐具套装5代,家居,宅研,355.04,190.80
P00412,云启显示器3代,数码,云启,908.57,572.07
P00413,鹿屿防晒霜1代,美妆,鹿屿,71.43,40.31
P00414,简衣运动鞋3代,服饰,简衣,184.37,150.29
P00415,云上运动鞋4代,服饰,云上,677.42,515.69
P00416,味来茶叶5代,食品,味来,48.97,31.82
P00417,鲜语茶叶2代,食品,鲜语,51.43,37.53
P00418,森木连衣裙1代,服饰,森木,68.24,37.54
P00419,森木休闲裤3代,服饰,森木,899.00,569.77
P00420,兰沁防晒霜2代,美妆,兰沁,123.99,89.61
P00421,晴舍收纳柜6代,家居,晴舍,736.82,470.73
P00422,麦禾坚果礼盒1代,食品,麦禾,67.51,54.51
P00423,兰沁粉底液2代,美妆,兰沁,118.82,93.77
P00424,味来茶叶3代,食品,味来,161.01,129.49
P00425,谷小满速溶咖啡2代,食品,谷小满,95.23,62.41
P00426,住造收纳柜1代,家居,住造,740.81,561.07
P00427,跃动骑行头盔4代,运动,跃动,1820.96,962.97
P00428,住造台灯4代,家居,住造,150.66,86.07
P00429,鹿屿洁面乳3代,美妆,鹿屿,141.69,102.33
P00430,花漾洁面乳6代,美妆,花漾,201.17,162.88
P00431,云启蓝牙耳机2代,数码,云启,777.34,483.75
P00432,智造者机械键盘1代,数码,智造者,2945.37,1558.98
P00433,山田记茶叶4代,食品,山田记,187.52,132.63
P00434,兰沁洁面乳1代,美妆,兰沁,80.46,58.83
P00435,极客派平板电脑1代,数码,极客派,4482.45,2711.05
P00436,青卷小说3代,图书,青卷,54.13,39.73
P00437,极客派智能手表3代,数码,极客派,486.47,333.36
P00438,青禾休闲裤2代,服饰,青禾,235.41,127.57
P00439,晴舍台灯6代,家居,晴舍,691.99,455.63
P00440,跃动哑铃5代,运动,跃动,1213.74,938.48
P00441,简衣连衣裙3代,服饰,简衣,479.95,309.29
P00442,轻跑瑜伽垫3代,运动,轻跑,437.52,230.76
P00443,麦禾茶叶2代,食品,麦禾,114.94,78.52
P00444,鹿屿面霜1代,美妆,鹿屿,347.30,241.54
P00445,木里餐具套装4代,家居,木里,394.80,303.56
P00446,青禾衬衫3代,服饰,青禾,347.39,223.29
P00447,暖芽婴儿推车1代,母婴,暖芽,138.69,110.82
P00448,星联蓝牙耳机5代,数码,星联,1186.99,808.51
P00449,澄光洗衣机6代,家电,澄光,694.65,426.09
P00450,初白口红6代,美妆,初白,392.44,312.73
P00451,青禾卫衣6代,服饰,青禾,899.00,640.27
P00452,北岸连衣裙1代,服饰,北岸,500.71,292.95
P00453,森木连衣裙6代,服饰,森木,681.63,500.78
P00454,亲贝婴儿推车1代,母婴,亲贝,829.91,542.10
P00455,星联机械键盘4代,数码,星联,2795.93,1533.61
P00456,暖芽儿童湿巾5代,母婴,暖芽,400.05,266.13
P00457,北岸衬衫1代,服饰,北岸,376.29,236.32
P00458,木里靠垫3代,家居,木里,258.62,151.68
P00459,北岸衬衫2代,服饰,北岸,413.50,220.53
P00460,轻跑哑铃2代,运动,轻跑,1571.93,944.99
P00461,柔光台灯4代,家居,柔光,492.57,391.46
P00462,初白面霜4代,美妆,初白,183.76,136.28
P00463,兰沁粉底液2代,美妆,兰沁,71.13,54.39
P00464,云上衬衫5代,服饰,云上,475.64,387.83
P00465,青禾衬衫2代,服饰,青禾,180.70,124.62
P00466,亲贝奶瓶3代,母婴,亲贝,1051.78,616.97
P00467,智造者路由器1代,数码,智造者,770.82,527.57
P00468,小方净水器3代,家电,小方,1911.09,1118.30
P00469,简衣卫衣1代,服饰,简衣,197.04,116.51
P00470,山野骑行头盔1代,运动,山野,423.32,329.85
P00471,味来坚果礼盒2代,食品,味来,314.67,199.13
P00472,云启平板电脑5代,数码,云启,4686.23,3082.80
P00473,星联路由器1代,数码,星联,3239.05,2285.36
P00474,恒净净水器2代,家电,恒净,945.81,744.66
P00475,墨舟小说4代,图书,墨舟,82.40,53.60
P00476,清颜防晒霜3代,美妆,清颜,74.54,54.12
P00477,花漾粉底液4代,美妆,花漾,72.24,54.36
P00478,智造者显示器2代,数码,智造者,870.99,553.02
P00479,住造台灯5代,家居,住造,382.96,240.80
P00480,鹿屿精华液5代,美妆,鹿屿,193.51,142.29
P00481,北岸衬衫1代,服饰,北岸,236.43,158.06
P00482,云上衬衫2代,服饰,云上,873.72,622.11
P00483,星联蓝牙耳机4代,数码,星联,1410.50,799.85
P00484,远读历史书3代,图书,远读,91.12,68.01
P00485,澄光净水器4代,家电,澄光,2202.05,1583.65
P00486,简衣卫衣4代,服饰,简衣,255.58,162.97
P00487,青禾外套1代,服饰,青禾,106.97,82.13
P00488,小树苗婴儿推车2代,母婴,小树苗,373.46,214.77
P00489,花漾面霜4代,美妆,花漾,261.00,165.15
P00490,麦禾坚果礼盒6代,食品,麦禾,123.00,76.13
P00491,鲜语速溶咖啡3代,食品,鲜语,391.09,210.72
P00492,白鲸洗衣机3代,家电,白鲸,463.47,307.23
P00493,兰沁口红5代,美妆,兰沁,308.17,209.25
P00494,麦禾牛肉干4代,食品,麦禾,93.14,59.81
P00495,澄光净水器6代,家电,澄光,714.25,501.01
P00496,恒净吹风机3代,家电,恒净,2371.09,1943.21
P00497,晨芯平板电脑4代,数码,晨芯,406.15,247.62
P00498,森木休闲裤2代,服饰,森木,191.45,153.43
P00499,花漾精华液1代,美妆,花漾,230.32,164.45
P00500,谷小满曲奇饼干2代,食品,谷小满,97.56,52.22
P00501,风速跑步机1代,运动,风速,893.66,541.97
P00502,兰沁面霜1代,美妆,兰沁,312.28,189.57
P00503,澄光洗衣机1代,家电,澄光,597.97,457.86
P00504,森木衬衫1代,服饰,森木,149.84,91.76
P00505,兰沁粉底液4代,美妆,兰沁,148.85,90.56
P00506,青禾卫衣5代,服饰,青禾,64.52,40.83
P00507,星联平板电脑4代,数码,星联,3016.31,1861.91
P00508,北岸连衣裙2代,服饰,北岸,561.06,338.14
P00509,小树苗积木1代,母婴,小树苗,182.89,147.39
P00510,山田记速溶咖啡5代,食品,山田记,160.89,91.85
P00511,味来速溶咖啡2代,食品,味来,91.25,62.56
P00512,鹿屿口红6代,美妆,鹿屿,175.56,124.60
P00513,谷小满牛肉干2代,食品,谷小满,161.19,90.75
P00514,小树苗儿童餐椅3代,母婴,小树苗,739.66,588.10
P00515,清颜口红1代,美妆,清颜,65.39,36.60
P00516,谷小满酸奶6代,食品,谷小满,26.80,15.64
P00517,云电冰箱1代,家电,云电,2037.01,1111.99
P00518,远读编程书4代,图书,远读,137.82,93.82
P00519,花漾防晒霜6代,美妆,花漾,198.64,134.01
P00520,兰沁精华液4代,美妆,兰沁,267.40,191.47
P00521,初白精华液6代,美妆,初白,78.20,61.50
P00522,灯塔小说1代,图书,灯塔,63.93,42.30
P00523,清颜精华液2代,美妆,清颜,93.68,64.16
P00524,兰沁口红2代,美妆,兰沁,265.62,161.86
P00525,木里四件套1代,家居,木里,562.80,455.31
P00526,云上衬衫4代,服饰,云上,122.04,96.91
P00527,青禾休闲裤4代,服饰,青禾,258.47,141.91
P00528,山田记坚果礼盒6代,食品,山田记,74.49,55.12
P00529,简衣休闲裤6代,服饰,简衣,262.31,204.83
P00530,新知绘本6代,图书,新知,72.21,46.92
P00531,初白洁面乳6代,美妆,初白,233.81,153.21
P00532,亲贝儿童餐椅4代,母婴,亲贝,373.82,220.05
P00533,谷小满坚果礼盒6代,食品,谷小满,201.56,156.38
P00534,小树苗积木6代,母婴,小树苗,114.54,75.11
P00535,跃动篮球6代,运动,跃动,2443.47,1733.33
P00536,云上运动鞋3代,服饰,云上,253.50,145.47
P00537,青禾衬衫6代,服饰,青禾,59.00,37.68
P00538,智造者路由器1代,数码,智造者,1572.48,1190.09
P00539,宅研餐具套装5代,家居,宅研,1142.44,804.34
P00540,极客派平板电脑3代,数码,极客派,2183.81,1515.66
P00541,墨舟考试教材3代,图书,墨舟,110.21,81.95
P00542,青卷管理书5代,图书,青卷,200.49,155.10
P00543,暖芽积木2代,母婴,暖芽,950.07,699.42
P00544,柔光收纳柜6代,家居,柔光,416.83,245.75
P00545,宅研四件套1代,家居,宅研,251.06,139.71
P00546,极客派蓝牙耳机3代,数码,极客派,1109.27,797.37
P00547,小方吹风机5代,家电,小方,1342.09,1016.68
P00548,云启蓝牙耳机1代,数码,云启,3998.51,2452.28
P00549,清颜防晒霜3代,美妆,清颜,414.43,310.74
P00550,小方冰箱6代,家电,小方,1007.17,768.40
P00551,小树苗纸尿裤5代,母婴,小树苗,619.93,457.31
P00552,亲贝婴儿推车2代,母婴,亲贝,295.77,203.75
P00553,森木休闲裤2代,服饰,森木,69.88,51.35
P00554,味来牛肉干2代,食品,味来,120.90,89.21
P00555,柔光靠垫2代,家居,柔光,1999.00,1620.66
P00556,住造餐具套装2代,家居,住造,518.27,274.30
P00557,宅研空气炸锅1代,家居,宅研,517.76,369.76
P00558,白鲸电饭煲4代,家电,白鲸,2731.61,1608.33
P00559,花漾粉底液6代,美妆,花漾,154.11,85.67
P00560,云上外套2代,服饰,云上,156.08,93.91
P00561,花漾口红1代,美妆,花漾,699.00,553.33
P00562,新知考试教材4代,图书,新知,40.46,21.13
P00563,极客派平板电脑1代,数码,极客派,3252.17,2056.84
P00564,宅研台灯2代,家居,宅研,303.95,160.11
P00565,柔光台灯4代,家居,柔光,611.64,474.07
P00566,住造四件套6代,家居,住造,637.70,377.96
P00567,云上运动鞋6代,服饰,云上,304.46,241.45
P00568,小树苗婴儿推车5代,母婴,小树苗,649.16,451.51
P00569,云启平板电脑3代,数码,云启,1004.44,559.08
P00570,小树苗奶瓶5代,母婴,小树苗,258.50,150.88
P00571,麦禾速溶咖啡3代,食品,麦禾,63.48,50.39
P00572,青禾衬衫2代,服饰,青禾,298.37,203.86
P00573,力场哑铃2代,运动,力场,138.24,96.91
P00574,云启显示器5代,数码,云启,556.52,293.76
P00575,谷小满牛肉干4代,食品,谷小满,101.46,56.46
P00576,轻跑运动背包5代,运动,轻跑,1852.87,1486.46
P00577,暖芽奶瓶1代,母婴,暖芽,471.85,275.94
P00578,云启显示器4代,数码,云启,1103.01,682.45
P00579,简衣衬衫4代,服饰,简衣,288.76,224.51
P00580,风速运动背包4代,运动,风速,849.13,503.38
P00581,木里餐具套装4代,家居,木里,670.36,514.40
P00582,云启显示器3代,数码,云启,2140.71,1681.31
P00583,极客派机械键盘4代,数码,极客派,595.57,460.80
P00584,清颜面霜2代,美妆,清颜,385.65,268.20
P00585,云启智能手表3代,数码,云启,3311.63,1906.44
P00586,力场骑行头盔6代,运动,力场,347.47,275.73
P00587,云上休闲裤6代,服饰,云上,637.21,401.55
P00588,住造台灯6代,家居,住造,1215.58,978.91
P00589,鲜语茶叶4代,食品,鲜语,42.48,31.84
P00590,云启机械键盘1代,数码,云启,3221.74,1855.24
P00591,云上衬衫5代,服饰,云上,76.45,45.18
P00592,北岸衬衫6代,服饰,北岸,477.93,337.02
P00593,简衣衬衫1代,服饰,简衣,125.72,98.72
P00594,亲贝儿童湿巾4代,母婴,亲贝,152.23,90.74
P00595,青禾连衣裙1代,服饰,青禾,270.04,176.20
P00596,小方扫地机器人2代,家电,小方,3059.09,2166.06
P00597,味来茶叶6代,食品,味来,96.13,51.82
P00598,兰沁洁面乳2代,美妆,兰沁,130.65,86.58
P00599,清颜面霜1代,美妆,清颜,159.74,98.75
P00600,清颜防晒霜5代,美妆,清颜,116.71,63.35
P00601,味来酸奶1代,食品,味来,399.00,215.28
P00602,极客派机械键盘5代,数码,极客派,3493.29,2847.16
P00603,轻跑骑行头盔5代,运动,轻跑,874.38,575.38
P00604,北岸运动鞋3代,服饰,北岸,494.49,321.01
P00605,简衣外套4代,服饰,简衣,494.03,358.76
P00606,森木外套2代,服饰,森木,128.25,92.28
P00607,澄光冰箱1代,家电,澄光,3152.94,2000.49
P00608,云上卫衣3代,服饰,云上,373.62,276.11
P00609,柔光空气炸锅2代,家居,柔光,587.80,408.32
P00610,小树苗奶瓶2代,母婴,小树苗,682.08,367.61
P00611,极客派路由器2代,数码,极客派,2650.84,1897.13
P00612,北岸运动鞋2代,服饰,北岸,520.92,278.56
P00613,新知编程书3代,图书,新知,84.57,58.19
P00614,贝童纸尿裤4代,母婴,贝童,573.08,382.36
P00615,鲜语曲奇饼干6代,食品,鲜语,73.65,40.26
P00616,青卷小说2代,图书,青卷,152.36,87.35
P00617,青禾连衣裙2代,服饰,青禾,169.15,95.35
P00618,云启机械键盘4代,数码,云启,3512.53,2332.34
P00619,鹿屿粉底液3代,美妆,鹿屿,152.09,80.50
P00620,鹿屿洁面乳6代,美妆,鹿屿,235.06,127.41
P00621,灯塔考试教材6代,图书,灯塔,101.50,78.21
P00622,云电扫地机器人5代,家电,云电,1978.26,1511.35
P00623,远读小说3代,图书,远读,250.42,171.46
P00624,智造者蓝牙耳机6代,数码,智造者,1436.06,951.86
P00625,星联机械键盘4代,数码,星联,2799.96,1473.21
P00626,鲜语坚果礼盒5代,食品,鲜语,126.88,92.16
P00627,简衣外套3代,服饰,简衣,313.24,251.68
P00628,云上连衣裙3代,服饰,云上,548.64,289.62
P00629,鹿屿洁面乳2代,美妆,鹿屿,156.68,121.91
P00630,力场篮球5代,运动,力场,1355.81,798.92
P00631,晨芯智能手表6代,数码,晨芯,2212.09,1250.43
P00632,麦禾酸奶3代,食品,麦禾,52.50,29.72
P00633,灯塔历史书5代,图书,灯塔,299.00,164.69
P00634,智造者蓝牙耳机5代,数码,智造者,1112.45,679.73
P00635,山野骑行头盔2代,运动,山野,228.28,148.82
P00636,宅研靠垫3代,家居,宅研,503.17,279.02
P00637,青卷历史书6代,图书,青卷,249.53,157.89
P00638,极客派显示器6代,数码,极客派,2428.13,1371.39
P00639,云启蓝牙耳机4代,数码,云启,1012.33,532.95
P00640,北岸卫衣2代,服饰,北岸,395.86,323.38
P00641,云上休闲裤4代,服饰,云上,232.24,174.77
P00642,鲜语牛肉干2代,食品,鲜语,178.63,100.17
P00643,住造四件套1代,家居,住造,508.00,340.38
P00644,简衣休闲裤3代,服饰,简衣,175.94,141.27
P00645,清颜口红1代,美妆,清颜,189.86,153.60
P00646,青禾卫衣3代,服饰,青禾,86.75,67.13
P00647,鹿屿洁面乳3代,美妆,鹿屿,123.68,84.59
P00648,北岸衬衫6代,服饰,北岸,163.98,121.28
P00649,星联路由器5代,数码,星联,1765.07,1056.26
P00650,森木休闲裤3代,服饰,森木,128.33,99.36
P00651,味来曲奇饼干3代,食品,味来,150.24,102.63
P00652,小树苗婴儿推车5代,母婴,小树苗,273.33,177.22
P00653,简衣运动鞋1代,服饰,简衣,314.19,212.06
P00654,智造者机械键盘3代,数码,智造者,562.04,358.88
P00655,谷小满速溶咖啡4代,食品,谷小满,27.00,16.38
P00656,澄光电饭煲2代,家电,澄光,1561.87,1130.84
P00657,森木运动鞋4代,服饰,森木,442.18,336.08
P00658,谷小满曲奇饼干6代,食品,谷小满,146.19,84.99
P00659,新知绘本6代,图书,新知,159.91,119.65
P00660,宅研餐具套装6代,家居,宅研,482.83,361.89
P00661,宅研靠垫5代,家居,宅研,626.22,342.26
P00662,小树苗儿童湿巾2代,母婴,小树苗,31.97,25.12
P00663,远读管理书4代,图书,远读,102.03,61.24
P00664,柔光空气炸锅6代,家居,柔光,1470.89,771.51
P00665,森木外套4代,服饰,森木,206.72,115.50
P00666,味来曲奇饼干2代,食品,味来,161.65,115.70
P00667,云上休闲裤1代,服饰,云上,201.43,127.00
P00668,住造空气炸锅2代,家居,住造,1157.77,752.81
P00669,花漾粉底液4代,美妆,花漾,108.38,71.77
P00670,初白面霜1代,美妆,初白,185.40,147.80
P00671,宅研收纳柜5代,家居,宅研,829.13,445.08
P00672,轻跑瑜伽垫6代,运动,轻跑,908.24,608.45
P00673,鲜语坚果礼盒5代,食品,鲜语,195.44,160.24
P00674,鲜语牛肉干5代,食品,鲜语,76.49,47.59
P00675,初白精华液2代,美妆,初白,90.91,72.91
P00676,柔光四件套2代,家居,柔光,139.94,78.12
P00677,极客派智能手表2代,数码,极客派,1253.71,760.17
P00678,极客派显示器3代,数码,极客派,4975.47,2789.61
P00679,柔光餐具套装2代,家居,柔光,293.82,182.75
P00680,清颜粉底液3代,美妆,清颜,287.48,224.17
P00681,兰沁口红3代,美妆,兰沁,68.00,37.23
P00682,木里四件套4代,家居,木里,786.15,500.74
P00683,白鲸电饭煲2代,家电,白鲸,1176.25,713.30
P00684,轻跑运动背包5代,运动,轻跑,702.17,449.72
P00685,简衣连衣裙1代,服饰,简衣,214.39,156.95
P00686,白鲸吹风机1代,家电,白鲸,2390.00,1487.52
P00687,新知考试教材3代,图书,新知,79.96,48.38
P00688,新知考试教材6代,图书,新知,55.99,42.63
P00689,鹿屿口红4代,美妆,鹿屿,125.13,66.83
P00690,初白面霜3代,美妆,初白,253.09,163.80
P00691,谷小满牛肉干6代,食品,谷小满,62.43,50.95
P00692,北岸休闲裤2代,服饰,北岸,444.45,333.22
P00693,墨舟管理书1代,图书,墨舟,43.35,29.85
P00694,极客派路由器5代,数码,极客派,3319.83,2354.37
P00695,简衣休闲裤3代,服饰,简衣,145.02,81.15
P00696,北岸连衣裙5代,服饰,北岸,182.31,114.24
P00697,住造餐具套装3代,家居,住造,402.24,303.89
P00698,青卷历史书4代,图书,青卷,63.69,35.03
P00699,星联机械键盘6代,数码,星联,498.91,347.54
P00700,宅研空气炸锅5代,家居,宅研,1565.65,1246.12
P00701,鹿屿防晒霜1代,美妆,鹿屿,99.45,54.49
P00702,北岸休闲裤2代,服饰,北岸,166.25,119.89
P00703,暖芽纸尿裤3代,母婴,暖芽,369.45,208.23
P00704,贝童儿童餐椅2代,母婴,贝童,892.62,591.04
P00705,安心宝婴儿推车4代,母婴,安心宝,127.21,86.34
P00706,远读绘本1代,图书,远读,101.62,74.99
P00707,极客派蓝牙耳机1代,数码,极客派,1055.51,791.53
P00708,味来坚果礼盒4代,食品,味来,156.32,91.56
P00709,花漾防晒霜6代,美妆,花漾,322.12,243.72
P00710,澄光吹风机2代,家电,澄光,1320.47,1071.42
P00711,清颜洁面乳5代,美妆,清颜,370.72,243.64
P00712,北岸衬衫5代,服饰,北岸,530.25,351.58
P00713,住造收纳柜2代,家居,住造,976.42,752.98
P00714,智造者显示器5代,数码,智造者,942.02,612.92
P00715,墨舟绘本4代,图书,墨舟,34.21,25.15
P00716,宅研空气炸锅2代,家居,宅研,334.64,213.02
P00717,青禾卫衣6代,服饰,青禾,270.89,184.39
P00718,恒净净水器3代,家电,恒净,3179.81,2297.57
P00719,味来坚果礼盒2代,食品,味来,17.22,12.45
P00720,北岸休闲裤5代,服饰,北岸,67.67,35.86
P00721,鹿屿口红5代,美妆,鹿屿,273.82,215.05
P00722,鲜语牛肉干1代,食品,鲜语,151.24,99.11
P00723,暖芽儿童餐椅4代,母婴,暖芽,311.43,244.72
P00724,北岸外套6代,服饰,北岸,158.76,126.79
P00725,安心宝婴儿推车2代,母婴,安心宝,807.78,484.10
P00726,力场跑步机2代,运动,力场,201.02,138.72
P00727,谷小满牛肉干2代,食品,谷小满,134.87,101.30
P00728,星联路由器5代,数码,星联,1383.08,1003.83
P00729,味来速溶咖啡6代,食品,味来,137.62,72.24
P00730,暖芽积木5代,母婴,暖芽,856.10,529.42
P00731,森木休闲裤6代,服饰,森木,677.20,417.36
P00732,兰沁防晒霜6代,美妆,兰沁,177.60,95.86
P00733,澄光吹风机1代,家电,澄光,1432.75,911.14
P00734,智造者平板电脑6代,数码,智造者,1958.89,1449.85
P00735,谷小满速溶咖啡5代,食品,谷小满,104.25,67.43
P00736,智造者智能手表3代,数码,智造者,3300.82,2163.18
P00737,森木外套5代,服饰,森木,83.25,57.33
P00738,谷小满牛肉干5代,食品,谷小满,86.25,52.65
P00739,晴舍收纳柜5代,家居,晴舍,109.98,89.99
P00740,晨芯路由器4代,数码,晨芯,1690.09,1286.40
P00741,力场骑行头盔2代,运动,力场,295.97,186.44
P00742,麦禾速溶咖啡2代,食品,麦禾,66.89,49.16
P00743,住造台灯3代,家居,住造,526.41,380.52
P00744,新知管理书3代,图书,新知,133.28,94.47
P00745,鲜语酸奶2代,食品,鲜语,182.56,129.94
P00746,安心宝奶瓶1代,母婴,安心宝,168.01,105.25
P00747,麦禾速溶咖啡6代,食品,麦禾,53.52,29.35
P00748,亲贝儿童餐椅6代,母婴,亲贝,109.81,64.80
P00749,谷小满坚果礼盒1代,食品,谷小满,74.23,40.02
P00750,鹿屿口红1代,美妆,鹿屿,89.92,57.72
P00751,北岸连衣裙6代,服饰,北岸,206.58,159.53
P00752,澄光吹风机3代,家电,澄光,576.26,347.15
P00753,晨芯显示器5代,数码,晨芯,1335.30,1025.82
P00754,柔光靠垫5代,家居,柔光,464.13,276.18
P00755,清颜面霜3代,美妆,清颜,382.86,249.96
P00756,星联显示器4代,数码,星联,2537.37,1915.71
P00757,兰沁洁面乳4代,美妆,兰沁,144.68,88.05
P00758,晴舍餐具套装2代,家居,晴舍,877.93,524.33
P00759,云上运动鞋6代,服饰,云上,77.45,59.15
P00760,北岸休闲裤1代,服饰,北岸,472.15,294.03
P00761,贝童儿童湿巾5代,母婴,贝童,351.73,258.76
P00762,宅研餐具套装1代,家居,宅研,499.71,388.50
P00763,跃动跑步机5代,运动,跃动,160.07,130.52
P00764,灯塔小说5代,图书,灯塔,143.41,108.33
P00765,贝童儿童湿巾3代,母婴,贝童,218.28,137.86
P00766,初白精华液6代,美妆,初白,514.76,387.05
P00767,宅研餐具套装1代,家居,宅研,464.08,242.39
P00768,小树苗婴儿推车5代,母婴,小树苗,363.65,274.78
P00769,谷小满曲奇饼干1代,食品,谷小满,305.31,243.24
P00770,鹿屿口红3代,美妆,鹿屿,180.24,128.63
P00771,兰沁精华液3代,美妆,兰沁,80.22,41.98
P00772,山田记曲奇饼干5代,食品,山田记,59.73,45.54
P00773,星联机械键盘5代,数码,星联,3728.01,3030.97
P00774,晴舍台灯1代,家居,晴舍,851.67,564.20
P00775,云电洗衣机6代,家电,云电,1980.66,1210.83
P00776,味来牛肉干6代,食品,味来,76.36,52.50
P00777,兰沁防晒霜2代,美妆,兰沁,222.00,162.23
P00778,谷小满速溶咖啡3代,食品,谷小满,80.81,51.65
P00779,麦禾酸奶5代,食品,麦禾,80.19,48.80
P00780,简衣卫衣2代,服饰,简衣,461.78,340.52
P00781,森木连衣裙4代,服饰,森木,133.16,71.46
P00782,柔光空气炸锅6代,家居,柔光,272.96,184.81
P00783,青禾连衣裙3代,服饰,青禾,207.60,139.27
P00784,初白洁面乳5代,美妆,初白,166.00,123.01
P00785,澄光洗衣机3代,家电,澄光,1321.83,708.31
P00786,简衣休闲裤6代,服饰,简衣,235.05,187.36
P00787,山田记酸奶2代,食品,山田记,192.58,124.13
P00788,鲜语茶叶5代,食品,鲜语,200.27,127.09
P00789,森木运动鞋6代,服饰,森木,250.72,161.12
P00790,远读小说2代,图书,远读,184.51,114.20
P00791,小树苗婴儿推车5代,母婴,小树苗,544.93,382.79
P00792,花漾防晒霜2代,美妆,花漾,144.13,77.23
P00793,谷小满坚果礼盒4代,食品,谷小满,242.09,170.11
P00794,简衣连衣裙2代,服饰,简衣,343.45,221.73
P00795,灯塔管理书6代,图书,灯塔,134.71,86.15
P00796,简衣连衣裙2代,服饰,简衣,59.00,44.34
P00797,星联机械键盘2代,数码,星联,2231.24,1571.58
P00798,谷小满速溶咖啡4代,食品,谷小满,41.81,24.44
P00799,味来牛肉干5代,食品,味来,45.52,32.06
P00800,极客派机械键盘5代,数码,极客派,2789.70,2130.66
